{
    "transformer.h.0.attn.c_attn": {
        "2-bit": {
            "mse": 0.5768303417024156,
            "mae": 0.5086337413106647
        },
        "4-bit": {
            "mse": 0.01263802738061973,
            "mae": 0.07410782043422971
        },
        "8-bit": {
            "mse": 4.331699730957755e-05,
            "mae": 0.004654398439304222
        }
    },
    "transformer.h.0.attn.c_proj": {
        "2-bit": {
            "mse": 0.4369290253472705,
            "mae": 0.2909202022211892
        },
        "4-bit": {
            "mse": 0.014110956074936048,
            "mae": 0.060046068969227026
        },
        "8-bit": {
            "mse": 0.00012303036055527625,
            "mae": 0.008315719634531036
        }
    },
    "transformer.h.0.mlp.c_fc": {
        "2-bit": {
            "mse": 0.9061493561381386,
            "mae": 0.7362644407484268
        },
        "4-bit": {
            "mse": 0.015122393619209999,
            "mae": 0.0920052177139691
        },
        "8-bit": {
            "mse": 0.00033112024400560626,
            "mae": 0.013984960533442002
        }
    },
    "transformer.h.0.mlp.c_proj": {
        "2-bit": {
            "mse": 2.5338947659447077,
            "mae": 0.9813275658895098
        },
        "4-bit": {
            "mse": 0.219004516327192,
            "mae": 0.29008328252368515
        },
        "8-bit": {
            "mse": 0.006333930957471093,
            "mae": 0.05928584809104602
        }
    },
    "transformer.h.1.attn.c_attn": {
        "2-bit": {
            "mse": 0.3664728795725203,
            "mae": 0.43296011430876613
        },
        "4-bit": {
            "mse": 0.010181789567309713,
            "mae": 0.07366475604829335
        },
        "8-bit": {
            "mse": 5.957120453194153e-05,
            "mae": 0.0058304348457900316
        }
    },
    "transformer.h.1.attn.c_proj": {
        "2-bit": {
            "mse": 0.4025395758568296,
            "mae": 0.42996080148787724
        },
        "4-bit": {
            "mse": 0.03200932630589084,
            "mae": 0.09760358787718272
        },
        "8-bit": {
            "mse": 0.0006191750839611305,
            "mae": 0.018794952463062984
        }
    },
    "transformer.h.1.mlp.c_fc": {
        "2-bit": {
            "mse": 0.4605595521510593,
            "mae": 0.5006657758402445
        },
        "4-bit": {
            "mse": 0.008728111709748942,
            "mae": 0.07196077042155795
        },
        "8-bit": {
            "mse": 0.00011850446938455756,
            "mae": 0.00848425224807764
        }
    },
    "transformer.h.1.mlp.c_proj": {
        "2-bit": {
            "mse": 0.7085276823195199,
            "mae": 0.6341915896960667
        },
        "4-bit": {
            "mse": 0.08882374446543437,
            "mae": 0.1574058591846436
        },
        "8-bit": {
            "mse": 0.0036748021892789333,
            "mae": 0.046202488657501005
        }
    },
    "transformer.h.2.attn.c_attn": {
        "2-bit": {
            "mse": 0.7996129459804961,
            "mae": 0.607490889609806
        },
        "4-bit": {
            "mse": 0.026800959001457878,
            "mae": 0.11713034706929373
        },
        "8-bit": {
            "mse": 0.00028239212983790493,
            "mae": 0.012418292832398224
        }
    },
    "transformer.h.2.attn.c_proj": {
        "2-bit": {
            "mse": 0.24294914139641655,
            "mae": 0.3575075183595929
        },
        "4-bit": {
            "mse": 0.013142694157385637,
            "mae": 0.07740739685675456
        },
        "8-bit": {
            "mse": 0.0001412548001445386,
            "mae": 0.00907018736359619
        }
    },
    "transformer.h.2.mlp.c_fc": {
        "2-bit": {
            "mse": 1.0534611959306022,
            "mae": 0.7664593893384177
        },
        "4-bit": {
            "mse": 0.017888103242194846,
            "mae": 0.0930666614856039
        },
        "8-bit": {
            "mse": 0.00017130067354873823,
            "mae": 0.010066085761146887
        }
    },
    "transformer.h.2.mlp.c_proj": {
        "2-bit": {
            "mse": 0.6494573884540132,
            "mae": 0.5604357359901307
        },
        "4-bit": {
            "mse": 0.12844603981763603,
            "mae": 0.14811618507854524
        },
        "8-bit": {
            "mse": 0.0013260661517195997,
            "mae": 0.024861530001674372
        }
    },
    "transformer.h.3.attn.c_attn": {
        "2-bit": {
            "mse": 1.084280704695081,
            "mae": 0.7229807462011063
        },
        "4-bit": {
            "mse": 0.03706584433241495,
            "mae": 0.13896370596355861
        },
        "8-bit": {
            "mse": 0.0001630025621529462,
            "mae": 0.009773891537435473
        }
    },
    "transformer.h.3.attn.c_proj": {
        "2-bit": {
            "mse": 0.12497157745418096,
            "mae": 0.24954191630794886
        },
        "4-bit": {
            "mse": 0.006397817047342422,
            "mae": 0.06029464783413069
        },
        "8-bit": {
            "mse": 8.458837160899763e-05,
            "mae": 0.007099899544661481
        }
    },
    "transformer.h.3.mlp.c_fc": {
        "2-bit": {
            "mse": 1.2929578319428456,
            "mae": 0.891285448793381
        },
        "4-bit": {
            "mse": 0.017620612911525228,
            "mae": 0.10215151581972363
        },
        "8-bit": {
            "mse": 0.000201413050822411,
            "mae": 0.01116269676103478
        }
    },
    "transformer.h.3.mlp.c_proj": {
        "2-bit": {
            "mse": 1.5582625752403625,
            "mae": 0.4192290693994552
        },
        "4-bit": {
            "mse": 0.2735633246955418,
            "mae": 0.1380200043084129
        },
        "8-bit": {
            "mse": 0.00019189872476826642,
            "mae": 0.007625054390657515
        }
    },
    "transformer.h.4.attn.c_attn": {
        "2-bit": {
            "mse": 1.0794599813128274,
            "mae": 0.6924533654773048
        },
        "4-bit": {
            "mse": 0.03783446987943044,
            "mae": 0.12898681774025872
        },
        "8-bit": {
            "mse": 0.00017832883468289518,
            "mae": 0.00980968117004349
        }
    },
    "transformer.h.4.attn.c_proj": {
        "2-bit": {
            "mse": 0.08714326837706186,
            "mae": 0.21916925978092924
        },
        "4-bit": {
            "mse": 0.004944843772266592,
            "mae": 0.05232959944340917
        },
        "8-bit": {
            "mse": 3.466669231928545e-05,
            "mae": 0.004396754479597484
        }
    },
    "transformer.h.4.mlp.c_fc": {
        "2-bit": {
            "mse": 0.8661664487823607,
            "mae": 0.7225091372217451
        },
        "4-bit": {
            "mse": 0.014374081843665665,
            "mae": 0.09344696371801316
        },
        "8-bit": {
            "mse": 9.30787567677538e-05,
            "mae": 0.0076020403528615586
        }
    },
    "transformer.h.4.mlp.c_proj": {
        "2-bit": {
            "mse": 0.3767105979578836,
            "mae": 0.43710201127188536
        },
        "4-bit": {
            "mse": 0.024765921017480274,
            "mae": 0.11749738714997732
        },
        "8-bit": {
            "mse": 0.0007730363378493438,
            "mae": 0.02194347055185409
        }
    },
    "transformer.h.5.attn.c_attn": {
        "2-bit": {
            "mse": 0.6719772304807391,
            "mae": 0.6136620290695673
        },
        "4-bit": {
            "mse": 0.02516244683000776,
            "mae": 0.1202066070030606
        },
        "8-bit": {
            "mse": 0.00020724732986843536,
            "mae": 0.011084683431637665
        }
    },
    "transformer.h.5.attn.c_proj": {
        "2-bit": {
            "mse": 0.14921440089505816,
            "mae": 0.275244448866163
        },
        "4-bit": {
            "mse": 0.008647114008901615,