{
    "transformer.h.0.attn.c_attn": {
        "2-bit": {
            "mse": 0.5760971563202995,
            "mae": 0.5087183278704447
        },
        "4-bit": {
            "mse": 0.012655942538191405,
            "mae": 0.07436801114725688
        },
        "8-bit": {
            "mse": 4.612090659008124e-05,
            "mae": 0.004898970214916129
        }
    },
    "transformer.h.0.attn.c_proj": {
        "2-bit": {
            "mse": 0.4377587475473919,
            "mae": 0.2886841609364464
        },
        "4-bit": {
            "mse": 0.014176485084352038,
            "mae": 0.05939700608215635
        },
        "8-bit": {
            "mse": 0.00023918183814246392,
            "mae": 0.011513984658651881
        }
    },
    "transformer.h.0.mlp.c_fc": {
        "2-bit": {
            "mse": 0.9190816661668205,
            "mae": 0.7429075903362697
        },
        "4-bit": {
            "mse": 0.016229233009711148,
            "mae": 0.09528611103693643
        },
        "8-bit": {
            "mse": 0.000549523071626142,
            "mae": 0.01764390679697195
        }
    },
    "transformer.h.0.mlp.c_proj": {
        "2-bit": {
            "mse": 2.551902326326521,
            "mae": 0.9878509697459994
        },
        "4-bit": {
            "mse": 0.21572011945739622,
            "mae": 0.2875690914335705
        },
        "8-bit": {
            "mse": 0.00678232391290958,
            "mae": 0.06101982413776336
        }
    },
    "transformer.h.1.attn.c_attn": {
        "2-bit": {
            "mse": 0.3664117937996274,
            "mae": 0.4329510771092915
        },
        "4-bit": {
            "mse": 0.01018587826558995,
            "mae": 0.07374856301716395
        },
        "8-bit": {
            "mse": 8.509442635667727e-05,
            "mae": 0.006670070553405415
        }
    },
    "transformer.h.1.attn.c_proj": {
        "2-bit": {
            "mse": 0.40259462736901785,
            "mae": 0.42988868507127914
        },
        "4-bit": {
            "mse": 0.032004914409111414,
            "mae": 0.09807802216401174
        },
        "8-bit": {
            "mse": 0.0010874982662720698,
            "mae": 0.02466594965921508
        }
    },
    "transformer.h.1.mlp.c_fc": {
        "2-bit": {
            "mse": 0.465569596441965,
            "mae": 0.5036063766668715
        },
        "4-bit": {
            "mse": 0.008927311896095198,
            "mae": 0.07288212175407109
        },
        "8-bit": {
            "mse": 0.00018281258396907817,
            "mae": 0.009995098210989485
        }
    },
    "transformer.h.1.mlp.c_proj": {
        "2-bit": {
            "mse": 0.7077466410303874,
            "mae": 0.6338018292472473
        },
        "4-bit": {
            "mse": 0.09103498536916009,
            "mae": 0.1606828404797448
        },
        "8-bit": {
            "mse": 0.00329363141356716,
            "mae": 0.041952599194787804
        }
    },
    "transformer.h.2.attn.c_attn": {
        "2-bit": {
            "mse": 0.8001493688613649,
            "mae": 0.6078169033640907
        },
        "4-bit": {
            "mse": 0.0273916009103968,
            "mae": 0.11918635075054472
        },
        "8-bit": {
            "mse": 0.00046213264928184565,
            "mae": 0.015467254681483147
        }
    },
    "transformer.h.2.attn.c_proj": {
        "2-bit": {
            "mse": 0.24192007926721418,
            "mae": 0.35652387946371056
        },
        "4-bit": {
            "mse": 0.013723085826588054,
            "mae": 0.0794441377123197
        },
        "8-bit": {
            "mse": 0.00015161494980381408,
            "mae": 0.009417396393560231
        }
    },
    "transformer.h.2.mlp.c_fc": {
        "2-bit": {
            "mse": 1.0726942069946779,
            "mae": 0.7741031069604176
        },
        "4-bit": {
            "mse": 0.018041419900125925,
            "mae": 0.09351274051836554
        },
        "8-bit": {
            "mse": 0.00022681515538207594,
            "mae": 0.011575327639187139
        }
    },
    "transformer.h.2.mlp.c_proj": {
        "2-bit": {
            "mse": 0.6750021945862541,
            "mae": 0.5740928148466442
        },
        "4-bit": {
            "mse": 0.1280020069744852,
            "mae": 0.14781558300767628
        },
        "8-bit": {
            "mse": 0.0007195219033516,
            "mae": 0.015576992849154132
        }
    },
    "transformer.h.3.attn.c_attn": {
        "2-bit": {
            "mse": 1.0848487047922046,
            "mae": 0.7230654472396487
        },
        "4-bit": {
            "mse": 0.036897947568268995,
            "mae": 0.13869972929121957
        },
        "8-bit": {
            "mse": 0.00017543783756009934,
            "mae": 0.010231857498486837
        }
    },
    "transformer.h.3.attn.c_proj": {
        "2-bit": {
            "mse": 0.12457059418398238,
            "mae": 0.24939429452494977
        },
        "4-bit": {
            "mse": 0.006409458845617279,
            "mae": 0.06061394021861138
        },
        "8-bit": {
            "mse": 6.224809262748173e-05,
            "mae": 0.005948754781413645
        }
    },
    "transformer.h.3.mlp.c_fc": {
        "2-bit": {
            "mse": 1.3085784741810387,
            "mae": 0.8973607042479136
        },
        "4-bit": {
            "mse": 0.017691018976389417,
            "mae": 0.10244243355497482
        },
        "8-bit": {
            "mse": 0.00030976311314762344,
            "mae": 0.01372486234657348
        }
    },
    "transformer.h.3.mlp.c_proj": {
        "2-bit": {
            "mse": 1.5642488400141403,
            "mae": 0.41029934703357634
        },
        "4-bit": {
            "mse": 0.27172878171716425,
            "mae": 0.13683973347383838
        },
        "8-bit": {
            "mse": 0.00018369893050042998,
            "mae": 0.0074130178222225765
        }
    },
    "transformer.h.4.attn.c_attn": {
        "2-bit": {
            "mse": 1.0809017627958273,
            "mae": 0.6943616952214925
        },
        "4-bit": {
            "mse": 0.03782912391045737,
            "mae": 0.12908679010376103
        },
        "8-bit": {
            "mse": 0.0002066080208076904,
            "mae": 0.010745054909161155
        }
    },
    "transformer.h.4.attn.c_proj": {
        "2-bit": {
            "mse": 0.0871620012654199,
            "mae": 0.21899885033804276
        },
        "4-bit": {
            "mse": 0.004963445588059371,
            "mae": 0.05233509235438847
        },
        "8-bit": {
            "mse": 7.065927846789626e-05,
            "mae": 0.005969516496868833
        }
    },
    "transformer.h.4.mlp.c_fc": {
        "2-bit": {
            "mse": 0.8681671458577354,
            "mae": 0.7227354806566996
        },
        "4-bit": {
            "mse": 0.014276922754352063,
            "mae": 0.09316487681298029
        },
        "8-bit": {
            "mse": 0.00013451597866757464,
            "mae": 0.00909897908272724
        }
    },
    "transformer.h.4.mlp.c_proj": {
        "2-bit": {
            "mse": 0.3857557532333191,
            "mae": 0.44676243028943496
        },
        "4-bit": {
            "mse": 0.02438571194689426,
            "mae": 0.11611111107326692
        },
        "8-bit": {
            "mse": 0.00036116512741760494,
            "mae": 0.014633166278520274
        }
    },
    "transformer.h.5.attn.c_attn": {
        "2-bit": {
            "mse": 0.6754609053097075,
            "mae": 0.615083195860424
        },
        "4-bit": {
            "mse": 0.025080822112541343,
            "mae": 0.1200475477510028
        },
        "8-bit": {
            "mse": 0.00018893128435593096,
            "mae": 0.010630329080399067
        }
    },
    "transformer.h.5.attn.c_proj": {
        "2-bit": {
            "mse": 0.14801534797464103,
            "mae": 0.27331252230538255
        },
        "4-bit": {
            "mse": 0.008707667789643717,