{
    "transformer.h.0.attn.c_attn": {
        "2-bit": {
            "mse": 0.577143988912068,
            "mae": 0.5090969488734289
        },
        "4-bit": {
            "mse": 0.012668007142132238,
            "mae": 0.0743310002107469
        },
        "8-bit": {
            "mse": 4.1783119365665304e-05,
            "mae": 0.004505424841587977
        }
    },
    "transformer.h.0.attn.c_proj": {
        "2-bit": {
            "mse": 0.4332314247176761,
            "mae": 0.2875465769616384
        },
        "4-bit": {
            "mse": 0.01422962794701258,
            "mae": 0.05943751749065187
        },
        "8-bit": {
            "mse": 0.0001899805712229055,
            "mae": 0.0103266854282646
        }
    },
    "transformer.h.0.mlp.c_fc": {
        "2-bit": {
            "mse": 0.9129517352770246,
            "mae": 0.7403549324898492
        },
        "4-bit": {
            "mse": 0.01552372450925528,
            "mae": 0.09326355277545867
        },
        "8-bit": {
            "mse": 0.00029023841766285754,
            "mae": 0.013088144214143824
        }
    },
    "transformer.h.0.mlp.c_proj": {
        "2-bit": {
            "mse": 2.5499006642235647,
            "mae": 0.9878548175569566
        },
        "4-bit": {
            "mse": 0.23297528236631365,
            "mae": 0.3066465930333213
        },
        "8-bit": {
            "mse": 0.007616981346574093,
            "mae": 0.06718262568825768
        }
    },
    "transformer.h.1.attn.c_attn": {
        "2-bit": {
            "mse": 0.3661836324230073,
            "mae": 0.43309269017643415
        },
        "4-bit": {
            "mse": 0.010180220111376707,
            "mae": 0.07364460577567415
        },
        "8-bit": {
            "mse": 6.183148896467636e-05,
            "mae": 0.005841999676906401
        }
    },
    "transformer.h.1.attn.c_proj": {
        "2-bit": {
            "mse": 0.403703980975681,
            "mae": 0.43077826689160054
        },
        "4-bit": {
            "mse": 0.03285127683054832,
            "mae": 0.10004784710823539
        },
        "8-bit": {
            "mse": 0.0005623609564887979,
            "mae": 0.018269901947369643
        }
    },
    "transformer.h.1.mlp.c_fc": {
        "2-bit": {
            "mse": 0.4652226817986323,
            "mae": 0.5031422546931676
        },
        "4-bit": {
            "mse": 0.008855782375330964,
            "mae": 0.07245679530832501
        },
        "8-bit": {
            "mse": 0.00018121055507522432,
            "mae": 0.010430101157417371
        }
    },
    "transformer.h.1.mlp.c_proj": {
        "2-bit": {
            "mse": 0.7025295240538459,
            "mae": 0.6313042735296587
        },
        "4-bit": {
            "mse": 0.09019894413058722,
            "mae": 0.15564985904428694
        },
        "8-bit": {
            "mse": 0.0032241201723024015,
            "mae": 0.04276447701785299
        }
    },
    "transformer.h.2.attn.c_attn": {
        "2-bit": {
            "mse": 0.8004966425517248,
            "mae": 0.6078438796694319
        },
        "4-bit": {
            "mse": 0.02714844763515487,
            "mae": 0.11834071458332122
        },
        "8-bit": {
            "mse": 0.00036142423096674654,
            "mae": 0.01395017837011625
        }
    },
    "transformer.h.2.attn.c_proj": {
        "2-bit": {
            "mse": 0.24602273177532918,
            "mae": 0.3646628662707314
        },
        "4-bit": {
            "mse": 0.015123094018134808,
            "mae": 0.08406452858258806
        },
        "8-bit": {
            "mse": 0.0001762293561893914,
            "mae": 0.010224911325152906
        }
    },
    "transformer.h.2.mlp.c_fc": {
        "2-bit": {
            "mse": 1.0263893187992155,
            "mae": 0.7562239018697585
        },
        "4-bit": {
            "mse": 0.018004789623239686,
            "mae": 0.09329338087922052
        },
        "8-bit": {
            "mse": 0.00019339793375582387,
            "mae": 0.010791086665694673
        }
    },
    "transformer.h.2.mlp.c_proj": {
        "2-bit": {
            "mse": 0.6775695955942546,
            "mae": 0.5738178444287135
        },
        "4-bit": {
            "mse": 0.12668294388623458,
            "mae": 0.14672891535456217
        },
        "8-bit": {
            "mse": 0.0009962683053879387,
            "mae": 0.021654474504646793
        }
    },
    "transformer.h.3.attn.c_attn": {
        "2-bit": {
            "mse": 1.083133850778852,
            "mae": 0.722602555676112
        },
        "4-bit": {
            "mse": 0.036864024365232104,
            "mae": 0.13857543657696436
        },
        "8-bit": {
            "mse": 0.00019675742817251745,
            "mae": 0.010796750718284216
        }
    },
    "transformer.h.3.attn.c_proj": {
        "2-bit": {
            "mse": 0.12586395099522577,
            "mae": 0.2517981758666417
        },
        "4-bit": {
            "mse": 0.006396183256237281,
            "mae": 0.0601222374373012
        },
        "8-bit": {
            "mse": 4.673902609890018e-05,
            "mae": 0.005085382610559464
        }
    },
    "transformer.h.3.mlp.c_fc": {
        "2-bit": {
            "mse": 1.262631507146926,
            "mae": 0.8794299392473127
        },
        "4-bit": {
            "mse": 0.01746727987414315,
            "mae": 0.1016184375399635
        },
        "8-bit": {
            "mse": 0.00019915587645733638,
            "mae": 0.011083873905359753
        }
    },
    "transformer.h.3.mlp.c_proj": {
        "2-bit": {
            "mse": 1.5631085520698909,
            "mae": 0.41698717219488957
        },
        "4-bit": {
            "mse": 0.2739589266360752,
            "mae": 0.13640258733242272
        },
        "8-bit": {
            "mse": 0.0003163952510693067,
            "mae": 0.011775413365472876
        }
    },
    "transformer.h.4.attn.c_attn": {
        "2-bit": {
            "mse": 1.0777839043783763,
            "mae": 0.6915844773489329
        },
        "4-bit": {
            "mse": 0.03782212639611864,
            "mae": 0.1288490884360813
        },
        "8-bit": {
            "mse": 0.00019634827728464546,
            "mae": 0.010505491379825845
        }
    },
    "transformer.h.4.attn.c_proj": {
        "2-bit": {
            "mse": 0.08670440990300407,
            "mae": 0.2188519837837371
        },
        "4-bit": {
            "mse": 0.004949851072437705,
            "mae": 0.052381309370199816
        },
        "8-bit": {
            "mse": 5.209908652302277e-05,
            "mae": 0.005184330763147465
        }
    },
    "transformer.h.4.mlp.c_fc": {
        "2-bit": {
            "mse": 0.863282571709345,
            "mae": 0.72004381910203
        },
        "4-bit": {
            "mse": 0.014383688347325438,
            "mae": 0.09350940573310097
        },
        "8-bit": {
            "mse": 0.00014633422076243847,
            "mae": 0.00950786942941329
        }
    },
    "transformer.h.4.mlp.c_proj": {
        "2-bit": {
            "mse": 0.3757525337120843,
            "mae": 0.4370627895234122
        },
        "4-bit": {
            "mse": 0.023917717356530446,
            "mae": 0.11482487252307319
        },
        "8-bit": {
            "mse": 0.0009841560968197882,
            "mae": 0.024630308506034666
        }
    },
    "transformer.h.5.attn.c_attn": {
        "2-bit": {
            "mse": 0.6786829119636896,
            "mae": 0.6170583906627838
        },
        "4-bit": {
            "mse": 0.025296227385600417,
            "mae": 0.12052730222543083
        },
        "8-bit": {
            "mse": 0.00015983383017887783,
            "mae": 0.009799869583239635
        }
    },
    "transformer.h.5.attn.c_proj": {
        "2-bit": {
            "mse": 0.14906082361463516,
            "mae": 0.2748789801484063
        },
        "4-bit": {
            "mse": 0.008628406606259801,