{
    "transformer.h.0.attn.c_attn": {
        "2-bit": {
            "mse": 0.5775327076987614,
            "mae": 0.5097433934136043
        },
        "4-bit": {
            "mse": 0.012669051021692305,
            "mae": 0.07430594840220042
        },
        "8-bit": {
            "mse": 4.38925574324833e-05,
            "mae": 0.004719440965721059
        }
    },
    "transformer.h.0.attn.c_proj": {
        "2-bit": {
            "mse": 0.4314548524599227,
            "mae": 0.28648254228016673
        },
        "4-bit": {
            "mse": 0.014274746519587342,
            "mae": 0.05998837569403269
        },
        "8-bit": {
            "mse": 0.0003224379449550595,
            "mae": 0.013646351572658333
        }
    },
    "transformer.h.0.mlp.c_fc": {
        "2-bit": {
            "mse": 0.9262434594214912,
            "mae": 0.7467637383748612
        },
        "4-bit": {
            "mse": 0.016942442246964052,
            "mae": 0.09852242114998044
        },
        "8-bit": {
            "mse": 0.00037846522634878496,
            "mae": 0.015001631962756315
        }
    },
    "transformer.h.0.mlp.c_proj": {
        "2-bit": {
            "mse": 2.520055999831549,
            "mae": 0.9753307738001383
        },
        "4-bit": {
            "mse": 0.22113244897789422,
            "mae": 0.2947809719850147
        },
        "8-bit": {
            "mse": 0.007113454730382987,
            "mae": 0.06403836288622446
        }
    },
    "transformer.h.1.attn.c_attn": {
        "2-bit": {
            "mse": 0.3662534427075159,
            "mae": 0.43333112105490673
        },
        "4-bit": {
            "mse": 0.010274666538905528,
            "mae": 0.07430088295349999
        },
        "8-bit": {
            "mse": 5.795561527419423e-05,
            "mae": 0.005712639606956928
        }
    },
    "transformer.h.1.attn.c_proj": {
        "2-bit": {
            "mse": 0.40245928840031703,
            "mae": 0.42978352355578586
        },
        "4-bit": {
            "mse": 0.03327132705303412,
            "mae": 0.10122295729224641
        },
        "8-bit": {
            "mse": 0.0008661329736083099,
            "mae": 0.021505497011636933
        }
    },
    "transformer.h.1.mlp.c_fc": {
        "2-bit": {
            "mse": 0.46996195448769457,
            "mae": 0.5065626946706621
        },
        "4-bit": {
            "mse": 0.009186121250783644,
            "mae": 0.07387588173151018
        },
        "8-bit": {
            "mse": 0.00019834454343210735,
            "mae": 0.010971168277873878
        }
    },
    "transformer.h.1.mlp.c_proj": {
        "2-bit": {
            "mse": 0.7073420437555465,
            "mae": 0.633578112201085
        },
        "4-bit": {
            "mse": 0.08878100107586571,
            "mae": 0.15346899604986583
        },
        "8-bit": {
            "mse": 0.004543258010276726,
            "mae": 0.051502786931537446
        }
    },
    "transformer.h.2.attn.c_attn": {
        "2-bit": {
            "mse": 0.8007628785239322,
            "mae": 0.6082426621800379
        },
        "4-bit": {
            "mse": 0.027534636949735968,
            "mae": 0.11958739019575575
        },
        "8-bit": {
            "mse": 0.00041652793232868927,
            "mae": 0.014743232789138947
        }
    },
    "transformer.h.2.attn.c_proj": {
        "2-bit": {
            "mse": 0.24238920235444628,
            "mae": 0.35958898729748184
        },
        "4-bit": {
            "mse": 0.015103064048739654,
            "mae": 0.08467616850421544
        },
        "8-bit": {
            "mse": 0.0004043203320295092,
            "mae": 0.015394826744875266
        }
    },
    "transformer.h.2.mlp.c_fc": {
        "2-bit": {
            "mse": 1.0294513428021992,
            "mae": 0.7582780955329775
        },
        "4-bit": {
            "mse": 0.01845719904771873,
            "mae": 0.09481414502102233
        },
        "8-bit": {
            "mse": 0.0001533685126415794,
            "mae": 0.009442330707633303
        }
    },
    "transformer.h.2.mlp.c_proj": {
        "2-bit": {
            "mse": 0.6571169968635318,
            "mae": 0.562969591882494
        },
        "4-bit": {
            "mse": 0.1268783933113492,
            "mae": 0.14755204438217098
        },
        "8-bit": {
            "mse": 0.0006115110332353247,
            "mae": 0.014193248121984421
        }
    },
    "transformer.h.3.attn.c_attn": {
        "2-bit": {
            "mse": 1.0826876352703765,
            "mae": 0.7224565621406315
        },
        "4-bit": {
            "mse": 0.03708990846597957,
            "mae": 0.13972879851621292
        },
        "8-bit": {
            "mse": 0.00017934384509100626,
            "mae": 0.010322312927908367
        }
    },
    "transformer.h.3.attn.c_proj": {
        "2-bit": {
            "mse": 0.12489047575564609,
            "mae": 0.2507713661780433
        },
        "4-bit": {
            "mse": 0.0065345850640109605,
            "mae": 0.06104512222939068
        },
        "8-bit": {
            "mse": 0.0002053971709554187,
            "mae": 0.01077532607115924
        }
    },
    "transformer.h.3.mlp.c_fc": {
        "2-bit": {
            "mse": 1.2587228521468148,
            "mae": 0.8791288468572828
        },
        "4-bit": {
            "mse": 0.017983721273522525,
            "mae": 0.10317867651345237
        },
        "8-bit": {
            "mse": 0.00019893060888289402,
            "mae": 0.011142842870737827
        }
    },
    "transformer.h.3.mlp.c_proj": {
        "2-bit": {
            "mse": 1.5580001407199435,
            "mae": 0.4142803355814918
        },
        "4-bit": {
            "mse": 0.275480838758605,
            "mae": 0.13699689483831798
        },
        "8-bit": {
            "mse": 0.0002245624775588069,
            "mae": 0.009003784374466965
        }
    },
    "transformer.h.4.attn.c_attn": {
        "2-bit": {
            "mse": 1.0795116405638439,
            "mae": 0.6923294455286058
        },
        "4-bit": {
            "mse": 0.03776880466039219,
            "mae": 0.12877614275803642
        },
        "8-bit": {
            "mse": 0.00018310795343177952,
            "mae": 0.01008492445070592
        }
    },
    "transformer.h.4.attn.c_proj": {
        "2-bit": {
            "mse": 0.08714515715837477,
            "mae": 0.21908026910017409
        },
        "4-bit": {
            "mse": 0.004883401665008729,
            "mae": 0.052012394404127485
        },
        "8-bit": {
            "mse": 6.780543371282945e-05,
            "mae": 0.0059117533872643175
        }
    },
    "transformer.h.4.mlp.c_fc": {
        "2-bit": {
            "mse": 0.8643311933865623,
            "mae": 0.7210986973747374
        },
        "4-bit": {
            "mse": 0.01424567599499983,
            "mae": 0.09319150861766604
        },
        "8-bit": {
            "mse": 0.00011494418637113766,
            "mae": 0.008474425915333011
        }
    },
    "transformer.h.4.mlp.c_proj": {
        "2-bit": {
            "mse": 0.37480068443313486,
            "mae": 0.4376618947301594
        },
        "4-bit": {
            "mse": 0.024105049669742588,
            "mae": 0.11525206894628588
        },
        "8-bit": {
            "mse": 0.0004761686593863286,
            "mae": 0.016500757918471384
        }
    },
    "transformer.h.5.attn.c_attn": {
        "2-bit": {
            "mse": 0.6769986559474278,
            "mae": 0.6162205868297153
        },
        "4-bit": {
            "mse": 0.025143390639670325,
            "mae": 0.12008354351634071
        },
        "8-bit": {
            "mse": 0.0001274376135413712,
            "mae": 0.00872069514460034
        }
    },
    "transformer.h.5.attn.c_proj": {
        "2-bit": {
            "mse": 0.14935494959354398,
            "mae": 0.27562106649080914
        },
        "4-bit": {
            "mse": 0.008636142275044842,